dataset_id	gsm_id	predicted_subtype	confidence_tier	assignment_margin	x_score	y_score	primary_axis_subtype	secondary_axis_subtype	primary_axis_score	secondary_axis_score
GSE84437	GSM2235556	MSS/TP53-	medium	0.177855	0.141058	0.177856	MSS/TP53-	MSS/TP53+	0.216542	0.0386863
GSE84437	GSM2235557	EMT	medium	0.0971378	0.278887	-0.0625679	EMT	MSS/TP53+	0.127715	0.0305776
GSE84437	GSM2235558	EMT	medium	0.157102	0.31218	0.0025976	EMT	MSS/TP53-	0.14596	-0.0111428
GSE84437	GSM2235559	MSS/TP53+	low	0.0228461	0.200161	-0.0231676	MSS/TP53+	EMT	0.0740347	0.0511886
GSE84437	GSM2235560	EMT	high	0.409294	0.514068	-0.110123	EMT	MSS/TP53+	0.322577	-0.0867171
GSE84437	GSM2235561	EMT	high	0.273897	0.286571	0.002391	EMT	MSS/TP53-	0.183749	-0.0901477
GSE84437	GSM2235562	MSS/TP53-	medium	0.157264	-0.164925	0.157264	MSS/TP53-	MSS/TP53+	0.180699	0.0234352
GSE84437	GSM2235563	MSS/TP53-	medium	0.134813	-0.123477	0.198863	MSS/TP53-	MSI	0.156423	0.0216105
GSE84437	GSM2235564	MSS/TP53-	medium	0.191174	-0.268099	0.27504	MSS/TP53-	MSI	0.252646	0.0614723
GSE84437	GSM2235565	EMT	high	0.651968	0.717496	0.058548	EMT	MSS/TP53-	0.455276	-0.196692
GSE84437	GSM2235566	EMT	low	0.0371793	0.22412	0.0713236	EMT	MSS/TP53-	0.0865931	0.0494138
GSE84437	GSM2235567	EMT	high	0.271842	0.375817	-0.0342335	EMT	MSS/TP53+	0.21477	-0.0570724
GSE84437	GSM2235568	MSS/TP53-	medium	0.181908	-0.069303	0.181907	MSS/TP53-	MSS/TP53+	0.196785	0.0148776
GSE84437	GSM2235569	MSS/TP53-	medium	0.0854926	-0.406795	0.188309	MSS/TP53-	MSI	0.2216	0.136107
GSE84437	GSM2235570	MSS/TP53-	low	0.0398531	0.159227	0.0780988	MSS/TP53-	EMT	0.0802169	0.0403638
GSE84437	GSM2235571	MSS/TP53-	medium	0.108368	-0.185184	0.108368	MSS/TP53-	MSS/TP53+	0.171084	0.0627159
GSE84437	GSM2235572	EMT	high	0.352458	0.453235	-0.11579	EMT	MSS/TP53+	0.285443	-0.0670148
GSE84437	GSM2235573	EMT	medium	0.0928746	0.253266	-0.0345637	EMT	MSS/TP53+	0.112697	0.0198224
GSE84437	GSM2235574	EMT	low	0.0262393	0.149216	0.137925	EMT	MSS/TP53-	0.0723083	0.046069
GSE84437	GSM2235575	MSS/TP53-	medium	0.152382	-0.038551	0.152382	MSS/TP53-	MSS/TP53+	0.180842	0.0284599
GSE84437	GSM2235576	MSI	medium	0.0853993	-0.167655	-0.0778174	MSI	MSS/TP53+	0.108037	0.0226381
GSE84437	GSM2235577	EMT	high	0.449121	0.461645	-0.048097	EMT	MSS/TP53+	0.3094	-0.139721
GSE84437	GSM2235578	MSS/TP53-	medium	0.0840551	-0.0602305	0.108172	MSS/TP53-	MSI	0.0893158	0.00526066
GSE84437	GSM2235579	EMT	medium	0.157855	0.157855	-0.025463	EMT	MSI	0.153843	-0.00401218
GSE84437	GSM2235580	EMT	high	0.334795	0.396491	-0.0837552	EMT	MSS/TP53+	0.255863	-0.0789318
GSE84437	GSM2235582	MSS/TP53-	low	0.0287288	0.0914543	0.028729	MSS/TP53-	MSS/TP53+	0.100025	0.071296
GSE84437	GSM2235584	MSS/TP53+	low	0.0207007	0.0047406	-0.020701	MSS/TP53+	MSS/TP53-	0.140086	0.119385
GSE84437	GSM2235585	MSS/TP53+	low	0.000951646	0.0538787	-0.122314	MSS/TP53+	EMT	0.0431877	0.0422361
GSE84437	GSM2235586	EMT	high	0.365397	0.397228	-0.231755	EMT	MSS/TP53+	0.301547	-0.0638505
GSE84437	GSM2235587	EMT	low	0.0156272	0.134711	0.0491149	EMT	MSS/TP53-	0.0504422	0.034815
GSE84437	GSM2235588	EMT	high	0.401593	0.522209	0.0609651	EMT	MSS/TP53-	0.306236	-0.0953569
GSE84437	GSM2235589	MSI	low	0.0547646	-0.197581	0.0757225	MSI	MSS/TP53-	0.100604	0.0458395
GSE84437	GSM2235593	MSI	medium	0.175563	-0.381369	0.0271835	MSI	MSS/TP53-	0.20246	0.0268972
GSE84437	GSM2235595	EMT	high	0.238556	0.422528	-0.0829397	EMT	MSS/TP53+	0.22586	-0.0126956
GSE84437	GSM2235596	EMT	low	0.0294457	0.247082	0.0591452	EMT	MSS/TP53-	0.0880007	0.058555
GSE84437	GSM2235597	MSI	low	0.022852	-0.407325	0.130633	MSI	MSS/TP53-	0.16888	0.146028
GSE84437	GSM2235598	EMT	high	0.280462	0.454436	-0.128594	EMT	MSS/TP53+	0.261064	-0.0193983
GSE84437	GSM2235599	MSS/TP53-	low	0.0621779	0.0333699	0.0621778	MSS/TP53-	MSS/TP53+	0.102248	0.0400702
GSE84437	GSM2235600	EMT	high	0.232925	0.232925	0.0482613	EMT	MSI	0.161113	-0.071812
GSE84437	GSM2235601	EMT	high	0.368519	0.445348	-0.011853	EMT	MSS/TP53+	0.265757	-0.102762
GSE84437	GSM2235602	EMT	high	0.444726	0.583226	-0.100141	EMT	MSS/TP53+	0.352788	-0.0919383
GSE84437	GSM2235603	MSS/TP53-	medium	0.165665	-0.0481821	0.165664	MSS/TP53-	MSS/TP53+	0.175208	0.00954361
GSE84437	GSM2235604	MSS/TP53-	low	0.0253786	-0.159774	0.0533798	MSS/TP53-	MSI	0.0787773	0.0533987
GSE84437	GSM2235605	EMT	high	0.249387	0.340117	-0.0291721	EMT	MSS/TP53+	0.195248	-0.0541389
GSE84437	GSM2235606	EMT	high	0.503426	0.642786	-0.090061	EMT	MSS/TP53+	0.389283	-0.114143
GSE84437	GSM2235607	EMT	medium	0.12428	0.124281	-0.0149597	EMT	MSI	0.109886	-0.0143945
GSE84437	GSM2235608	MSS/TP53-	low	0.0188484	-0.424371	0.186085	MSS/TP53-	MSI	0.186213	0.167364
GSE84437	GSM2235609	EMT	high	0.387475	0.494076	-0.144238	EMT	MSS/TP53+	0.316521	-0.0709543
GSE84437	GSM2235610	EMT	high	0.648515	0.66249	-0.016421	EMT	MSS/TP53+	0.433551	-0.214964
GSE84437	GSM2235611	MSS/TP53+	low	0.0106342	-0.0076165	-0.010634	MSS/TP53+	MSS/TP53-	0.110943	0.100309
GSE84437	GSM2235612	EMT	high	0.57993	0.647224	0.037266	EMT	MSS/TP53-	0.405124	-0.174806
GSE84437	GSM2235613	MSS/TP53-	medium	0.166748	-0.331511	0.27166	MSS/TP53-	MSI	0.258825	0.0920769
GSE84437	GSM2235614	MSI	low	0.0458952	-0.214519	-0.217199	MSI	MSS/TP53+	0.140734	0.094839
GSE84437	GSM2235615	EMT	low	0.0645052	0.249068	0.0925738	EMT	MSS/TP53-	0.107203	0.0426978
GSE84437	GSM2235616	MSS/TP53+	low	0.00583053	0.0123911	-0.0058305	MSS/TP53+	MSS/TP53-	0.0536459	0.0478154
GSE84437	GSM2235617	MSI	medium	0.130031	-0.311959	-0.0903511	MSI	MSS/TP53+	0.177536	0.0475047
GSE84437	GSM2235618	MSS/TP53+	low	0.0613813	-0.230011	-0.113934	MSS/TP53+	MSI	0.142726	0.0813443
GSE84437	GSM2235619	MSS/TP53-	low	0.049841	0.0390731	0.049841	MSS/TP53-	MSS/TP53+	0.0565471	0.00670607
GSE84437	GSM2235620	MSS/TP53-	low	0.0289329	-0.0203322	0.0289328	MSS/TP53-	MSS/TP53+	0.0797849	0.0508521
GSE84437	GSM2235621	MSS/TP53-	low	0.0517243	0.00019496	0.10906	MSS/TP53-	EMT	0.0489157	-0.00280858
GSE84437	GSM2235622	EMT	high	0.512987	0.570407	0.017976	EMT	MSS/TP53-	0.35545	-0.157537
GSE84437	GSM2235623	MSI	medium	0.164187	-0.326807	-0.0273848	MSI	MSS/TP53+	0.181382	0.0171958
GSE84437	GSM2235624	MSS/TP53-	low	0.0341249	-0.318906	0.260443	MSS/TP53-	MSI	0.17102	0.136895
GSE84437	GSM2235625	EMT	high	0.500805	0.517034	-0.088005	EMT	MSS/TP53+	0.353459	-0.147345
GSE84437	GSM2235626	EMT	high	0.504211	0.504211	-0.09752	EMT	MSI	0.36173	-0.142481
GSE84437	GSM2235627	MSS/TP53-	medium	0.0711502	0.0327907	0.090912	MSS/TP53-	EMT	0.0669645	-0.00418571
GSE84437	GSM2235628	EMT	high	0.459344	0.459344	0.003515	EMT	MSI	0.334692	-0.124652
GSE84437	GSM2235629	EMT	high	0.367262	0.391037	-0.032152	EMT	MSS/TP53+	0.255067	-0.112194
GSE84437	GSM2235630	EMT	high	0.567156	0.659448	-0.017031	EMT	MSS/TP53+	0.40164	-0.165516
GSE84437	GSM2235631	EMT	high	0.320724	0.476854	-0.196177	EMT	MSS/TP53+	0.298044	-0.0226805
GSE84437	GSM2235632	MSI	low	0.0270957	-0.0682626	-0.0746697	MSI	MSS/TP53+	0.0508428	0.0237471
GSE84437	GSM2235633	EMT	high	0.600063	0.600063	-0.01437	EMT	MSI	0.436379	-0.163684
GSE84437	GSM2235634	MSS/TP53+	low	0.0685146	-0.0536733	-0.111414	MSS/TP53+	MSI	0.0860404	0.0175258
GSE84437	GSM2235635	MSI	low	0.0411533	-0.242082	-0.0073153	MSI	MSS/TP53+	0.100525	0.0593713
GSE84437	GSM2235636	EMT	high	0.52715	0.56382	-0.006039	EMT	MSS/TP53+	0.357662	-0.169488
GSE84437	GSM2235637	MSS/TP53+	low	0.0557422	-0.130334	-0.0833619	MSS/TP53+	MSI	0.0980786	0.0423364
GSE84437	GSM2235695	MSS/TP53+	low	0.0215604	-0.214224	-0.0215603	MSS/TP53+	MSS/TP53-	0.117217	0.0956567
GSE84437	GSM2235696	MSI	high	0.409827	-0.598509	0.0556374	MSI	MSS/TP53-	0.371291	-0.0385356
GSE84437	GSM2235697	MSS/TP53-	medium	0.119359	-0.243261	0.184856	MSS/TP53-	MSI	0.185819	0.0664607
GSE84437	GSM2235698	MSS/TP53-	low	0.00255549	-0.180664	0.002555	MSS/TP53-	MSS/TP53+	0.157343	0.154788
GSE84437	GSM2235699	MSS/TP53-	low	0.0190464	0.0571078	0.189897	MSS/TP53-	EMT	0.056913	0.0378666
GSE84437	GSM2235700	EMT	low	0.045168	0.0451681	0.0079421	EMT	MSI	0.033526	-0.0116421
GSE84437	GSM2235701	MSS/TP53-	medium	0.182414	-0.353994	0.31285	MSS/TP53-	MSI	0.282609	0.100196
GSE84437	GSM2235702	EMT	high	0.248267	0.338935	0.0613287	EMT	MSS/TP53-	0.197397	-0.0508703
GSE84437	GSM2235703	EMT	high	0.267814	0.269691	0.0392275	EMT	MSS/TP53-	0.182541	-0.0852725
GSE84437	GSM2235704	MSS/TP53-	low	0.0251744	0.192924	0.0251744	MSS/TP53-	MSS/TP53+	0.0896061	0.0644317
GSE84437	GSM2235705	MSS/TP53-	low	0.0398205	-0.0570576	0.03982	MSS/TP53-	MSS/TP53+	0.212323	0.172503
GSE84437	GSM2235706	MSS/TP53-	medium	0.148651	-0.315062	0.148651	MSS/TP53-	MSS/TP53+	0.243701	0.0950502
GSE84437	GSM2235707	MSI	high	0.316036	-0.530257	-0.0488423	MSI	MSS/TP53+	0.314351	-0.00168405
GSE84437	GSM2235708	MSS/TP53-	medium	0.143798	-0.211848	0.143798	MSS/TP53-	MSS/TP53+	0.208819	0.0650207
GSE84437	GSM2235709	MSS/TP53-	medium	0.151016	-0.150412	0.151016	MSS/TP53-	MSS/TP53+	0.210615	0.0595987
GSE84437	GSM2235710	EMT	low	0.00415005	0.138678	0.0654934	EMT	MSS/TP53-	0.0496727	0.0455226
GSE84437	GSM2235711	MSI	low	0.0568551	-0.360092	-0.0908363	MSI	MSS/TP53+	0.166083	0.109228
GSE84437	GSM2235712	MSS/TP53-	medium	0.12369	-0.222389	0.186603	MSS/TP53-	MSI	0.181599	0.0579088
GSE84437	GSM2235713	EMT	high	0.373143	0.490388	0.0688172	EMT	MSS/TP53-	0.28785	-0.0852928
GSE84437	GSM2235714	MSS/TP53-	medium	0.141791	-0.316058	0.141792	MSS/TP53-	MSS/TP53+	0.256287	0.114495
GSE84437	GSM2235715	MSI	high	0.274197	-0.449715	-0.16695	MSI	MSS/TP53+	0.297586	0.0233893
GSE84437	GSM2235716	MSS/TP53-	low	0.00963048	0.0634761	0.130917	MSS/TP53-	EMT	0.0436636	0.0340331
GSE84437	GSM2235717	EMT	high	0.425311	0.492876	-0.003941	EMT	MSS/TP53+	0.298728	-0.126583
GSE84437	GSM2235718	MSS/TP53+	medium	0.176636	0.0616911	-0.176637	MSS/TP53+	MSS/TP53-	0.304745	0.128108
GSE84437	GSM2235719	MSS/TP53-	high	0.25515	-0.167601	0.287205	MSS/TP53-	MSI	0.259484	0.0043343
GSE84437	GSM2235720	MSS/TP53-	high	0.231664	-0.0786158	0.237845	MSS/TP53-	MSI	0.206789	-0.0248752
GSE84437	GSM2235721	MSI	low	0.048379	-0.199188	-0.0187891	MSI	MSS/TP53+	0.0911949	0.0428158
GSE84437	GSM2235722	MSS/TP53+	medium	0.0705863	-0.128873	-0.162172	MSS/TP53+	MSI	0.124692	0.0541053
GSE84437	GSM2235723	MSS/TP53-	medium	0.18983	-0.0753656	0.18983	MSS/TP53-	MSS/TP53+	0.258008	0.0681783
GSE84437	GSM2235724	EMT	medium	0.110038	0.110038	-0.0329673	EMT	MSI	0.0935511	-0.0164871
GSE84437	GSM2235725	MSI	high	0.223833	-0.223833	-0.198132	MSI	EMT	0.257522	0.0336894
GSE84437	GSM2235726	EMT	high	0.252197	0.306191	-0.326657	EMT	MSS/TP53+	0.254878	0.00268076
GSE84437	GSM2235727	MSS/TP53+	high	0.207675	-0.162514	-0.207675	MSS/TP53+	MSS/TP53-	0.279242	0.071567
GSE84437	GSM2235728	EMT	high	0.318738	0.318738	-0.00518	EMT	MSI	0.223784	-0.0949536
GSE84437	GSM2235729	EMT	medium	0.12933	0.262735	-0.182862	EMT	MSS/TP53+	0.16308	0.0337504
GSE84437	GSM2235730	MSS/TP53-	medium	0.184549	-0.381531	0.259633	MSS/TP53-	MSI	0.285086	0.100537
GSE84437	GSM2235731	MSI	medium	0.173924	-0.654407	0.0308504	MSI	MSS/TP53-	0.29609	0.122166
GSE84437	GSM2235732	MSS/TP53-	low	0.037594	0.0481441	0.037594	MSS/TP53-	MSS/TP53+	0.0817822	0.0441882
GSE84437	GSM2235733	MSI	medium	0.124719	-0.124719	-0.118057	MSI	EMT	0.177331	0.052612
GSE84437	GSM2235734	MSS/TP53-	low	0.0265892	-0.189911	0.026589	MSS/TP53-	MSS/TP53+	0.166546	0.139957
GSE84437	GSM2235735	MSI	medium	0.078268	-0.273839	-0.0398694	MSI	MSS/TP53+	0.133085	0.0548166
GSE84437	GSM2235736	MSS/TP53-	high	0.215015	-0.135559	0.268682	MSS/TP53-	MSI	0.22087	0.00585534
GSE84437	GSM2235737	MSS/TP53+	low	0.0264707	0.053712	-0.0264707	MSS/TP53+	MSS/TP53-	0.0989105	0.0724398
GSE84437	GSM2235738	MSI	low	0.0462939	-0.425081	0.059274	MSI	MSS/TP53-	0.172854	0.12656
GSE84437	GSM2235739	MSS/TP53-	medium	0.0771074	-0.436955	0.080685	MSS/TP53-	MSI	0.210018	0.132911
GSE84437	GSM2235740	MSS/TP53+	high	0.20023	-0.290084	-0.20023	MSS/TP53+	MSS/TP53-	0.354549	0.154319
GSE84437	GSM2235741	MSS/TP53-	medium	0.194236	0.102586	0.208882	MSS/TP53-	EMT	0.180258	-0.0139784
GSE84437	GSM2235742	MSS/TP53-	medium	0.0892314	-0.17455	0.0892315	MSS/TP53-	MSS/TP53+	0.136686	0.0474545
GSE84437	GSM2235743	MSI	low	0.0421331	-0.327056	-0.0871596	MSI	MSS/TP53+	0.14826	0.106127
GSE84437	GSM2235744	MSS/TP53+	high	0.214206	0.031034	-0.214206	MSS/TP53+	MSS/TP53-	0.270969	0.0567626
GSE84437	GSM2235745	EMT	high	0.225474	0.258952	-0.0977187	EMT	MSS/TP53+	0.179529	-0.0459453
GSE84437	GSM2235746	MSS/TP53+	medium	0.165548	-0.0071045	-0.165548	MSS/TP53+	MSS/TP53-	0.18307	0.0175217
GSE84437	GSM2235747	MSI	medium	0.143022	-0.277326	-0.0209133	MSI	MSS/TP53+	0.154807	0.0117854
GSE84437	GSM2235748	EMT	medium	0.111806	0.154589	0.0399987	EMT	MSS/TP53-	0.0913579	-0.0204481
GSE84437	GSM2235749	MSS/TP53-	medium	0.162568	-0.219534	0.162568	MSS/TP53-	MSS/TP53+	0.208124	0.0455565
GSE84437	GSM2235750	MSS/TP53-	medium	0.142319	-0.158424	0.144892	MSS/TP53-	MSI	0.164635	0.0223158
GSE84437	GSM2235751	MSI	medium	0.0726728	-0.234292	0.0106449	MSI	MSS/TP53-	0.109937	0.0372637
GSE84437	GSM2235752	MSS/TP53+	high	0.282786	-0.254941	-0.338546	MSS/TP53+	MSI	0.338932	0.0561462
GSE84437	GSM2235753	MSS/TP53+	medium	0.0972219	0.151439	-0.138883	MSS/TP53+	EMT	0.132943	0.0357207
GSE84437	GSM2235754	EMT	high	0.265621	0.268248	-0.0122595	EMT	MSS/TP53+	0.177991	-0.0876302
GSE84437	GSM2235755	EMT	high	0.777723	0.864725	0.02952	EMT	MSS/TP53-	0.539225	-0.238498
GSE84437	GSM2235756	EMT	medium	0.193764	0.193764	0.0081006	EMT	MSI	0.130208	-0.0635557
GSE84437	GSM2235757	MSS/TP53-	medium	0.168346	-0.0344667	0.215524	MSS/TP53-	MSI	0.149142	-0.0192038
GSE84437	GSM2235758	MSS/TP53-	low	0.0512186	-0.197708	0.051219	MSS/TP53-	MSS/TP53+	0.166971	0.115752
GSE84437	GSM2235759	EMT	high	0.566835	0.603012	0.017262	EMT	MSS/TP53-	0.384907	-0.181927
GSE84437	GSM2235760	MSS/TP53-	high	0.298661	0.0455136	0.298661	MSS/TP53-	MSS/TP53+	0.253896	-0.0447649
GSE84437	GSM2235761	EMT	high	0.649734	0.698749	-0.041803	EMT	MSS/TP53+	0.449709	-0.200024
GSE84437	GSM2235762	MSI	medium	0.183733	-0.503709	-0.0677629	MSI	MSS/TP53+	0.258788	0.0750548
GSE84437	GSM2235763	MSS/TP53+	medium	0.109887	-0.196899	-0.1287	MSS/TP53+	MSI	0.164623	0.0547364
GSE84437	GSM2235764	MSI	low	0.0294859	-0.374243	0.0818529	MSI	MSS/TP53-	0.152477	0.122991
GSE84437	GSM2235765	EMT	medium	0.148829	0.382529	-0.00574526	EMT	MSS/TP53+	0.162906	0.0140769
GSE84437	GSM2235766	MSS/TP53-	high	0.275743	-0.262527	0.275743	MSS/TP53-	MSS/TP53+	0.303235	0.0274917
GSE84437	GSM2235767	EMT	high	0.820894	0.886731	0.067469	EMT	MSS/TP53-	0.567712	-0.253182
GSE84437	GSM2235768	MSI	low	0.00977985	-0.00978	-0.292634	MSI	EMT	0.125947	0.116167
GSE84437	GSM2235769	MSS/TP53-	high	0.224895	-0.240241	0.267215	MSS/TP53-	MSI	0.26265	0.0377548
GSE84437	GSM2235770	MSS/TP53+	low	0.024142	-0.0309559	-0.0537977	MSS/TP53+	MSI	0.0377645	0.0136225
GSE84437	GSM2235771	EMT	medium	0.109175	0.129182	-0.0699518	EMT	MSS/TP53+	0.0931257	-0.0160489
GSE84437	GSM2235772	EMT	medium	0.0883717	0.0883721	-0.0627467	EMT	MSI	0.118542	0.0301699
GSE84437	GSM2235773	EMT	medium	0.074535	0.074535	-0.0314315	EMT	MSI	0.0811785	0.0066435
GSE84437	GSM2235774	MSS/TP53+	low	0.025084	0.0248645	-0.025084	MSS/TP53+	MSS/TP53-	0.0517551	0.0266711
GSE84437	GSM2235775	EMT	low	0.063675	0.173434	-0.0100054	EMT	MSS/TP53+	0.0740876	0.0104125
GSE84437	GSM2235776	EMT	medium	0.135051	0.207978	-0.0329821	EMT	MSS/TP53+	0.11615	-0.0189013
GSE84437	GSM2235777	MSI	low	0.0225028	-0.0225028	-0.0936269	MSI	EMT	0.0768804	0.0543776
GSE84437	GSM2235778	MSS/TP53-	low	0.0402763	-0.363112	0.122816	MSS/TP53-	MSI	0.168544	0.128268
GSE84437	GSM2235779	MSI	high	0.398924	-0.622374	-0.0783307	MSI	MSS/TP53+	0.384488	-0.0144357
GSE84437	GSM2235780	MSS/TP53+	low	0.0569757	-0.218884	-0.209697	MSS/TP53+	MSI	0.158024	0.101048
GSE84437	GSM2235781	MSS/TP53-	high	0.221619	-0.0632942	0.221619	MSS/TP53-	MSS/TP53+	0.239792	0.0181734
GSE84437	GSM2235782	EMT	medium	0.0907589	0.0907589	0.0548692	EMT	MSI	0.0907631	4.16734e-06
GSE84437	GSM2235783	EMT	low	0.0315968	0.358979	-0.0677844	EMT	MSS/TP53+	0.125632	0.0940353
GSE84437	GSM2235784	MSI	high	0.284535	-0.619046	-0.141146	MSI	MSS/TP53+	0.353773	0.0692378
GSE84437	GSM2235785	MSI	high	0.29915	-0.432199	-0.193723	MSI	MSS/TP53+	0.307254	0.00810434
GSE84437	GSM2235786	EMT	high	0.627817	0.781663	-0.064116	EMT	MSS/TP53+	0.469034	-0.158783
GSE84437	GSM2235787	EMT	medium	0.172412	0.289312	-0.0077911	EMT	MSS/TP53+	0.146959	-0.0254522
GSE84437	GSM2235788	MSI	medium	0.133818	-0.268856	-0.10479	MSI	MSS/TP53+	0.16749	0.0336727
GSE84437	GSM2235789	MSI	medium	0.180231	-0.318584	-0.134956	MSI	MSS/TP53+	0.209241	0.0290094
GSE84437	GSM2235790	MSS/TP53+	low	0.0476302	-0.0069107	-0.0476307	MSS/TP53+	MSS/TP53-	0.11144	0.0638093
GSE84437	GSM2235791	EMT	high	0.537412	0.537412	-0.078503	EMT	MSI	0.372288	-0.165124
GSE84437	GSM2235792	MSI	medium	0.0866815	-0.0866815	-0.0982767	MSI	EMT	0.0898384	0.0031569
GSE84437	GSM2235793	EMT	high	0.733258	0.733259	-0.008405	EMT	MSI	0.499763	-0.233496
GSE84437	GSM2235794	EMT	low	0.00455337	0.0402619	0.108151	EMT	MSS/TP53-	0.0295891	0.0250357
GSE84437	GSM2235795	MSS/TP53-	low	0.0518887	-0.0237752	0.12474	MSS/TP53-	MSI	0.0595639	0.00767524
GSE84437	GSM2235796	EMT	high	0.409213	0.409212	-0.044896	EMT	MSI	0.293647	-0.115565
GSE84437	GSM2235797	MSI	high	0.274841	-0.531261	-0.0237688	MSI	MSS/TP53+	0.293172	0.0183319
GSE84437	GSM2235798	MSS/TP53-	low	0.00783834	-0.520661	0.149929	MSS/TP53-	MSI	0.206836	0.198998
GSE84437	GSM2235799	MSI	low	0.0330727	-0.466193	0.0734983	MSI	MSS/TP53-	0.184103	0.15103
GSE84437	GSM2235800	EMT	high	0.371263	0.584557	-0.159135	EMT	MSS/TP53+	0.338411	-0.0328518
GSE84437	GSM2235801	MSS/TP53+	medium	0.0903344	0.313814	-0.268392	MSS/TP53+	EMT	0.202575	0.112241
GSE84437	GSM2235802	MSI	high	0.293087	-0.349466	-0.0684293	MSI	MSS/TP53+	0.247976	-0.0451107
GSE84437	GSM2235803	MSI	high	0.224952	-0.418951	0.0377974	MSI	MSS/TP53-	0.23596	0.0110083
GSE84437	GSM2235804	EMT	high	0.2004	0.399882	-0.0439228	EMT	MSS/TP53+	0.196138	-0.00426133
GSE84437	GSM2235805	EMT	high	0.443026	0.461749	0.018914	EMT	MSS/TP53-	0.299071	-0.143956
GSE84437	GSM2235806	MSS/TP53+	low	0.0599248	-0.104282	-0.059925	MSS/TP53+	MSS/TP53-	0.164191	0.104266
GSE84437	GSM2235807	MSI	low	0.0374875	-0.237696	-0.0073657	MSI	MSS/TP53+	0.0976245	0.060137
GSE84437	GSM2235808	MSS/TP53+	medium	0.0974431	-0.119911	-0.168848	MSS/TP53+	MSI	0.13969	0.042247
GSE84437	GSM2235809	MSI	low	0.0421667	-0.102753	-0.149487	MSI	MSS/TP53+	0.085517	0.0433502
GSE84437	GSM2235810	MSI	high	0.391944	-0.740491	-0.0435929	MSI	MSS/TP53+	0.41442	0.022476
GSE84437	GSM2235811	MSI	medium	0.151398	-0.151397	-0.0546787	MSI	EMT	0.132786	-0.0186112
GSE84437	GSM2235812	MSS/TP53-	low	0.0604967	-0.309459	0.106883	MSS/TP53-	MSI	0.160114	0.0996177
GSE84437	GSM2235813	MSS/TP53-	low	0.0459052	-0.0822944	0.045905	MSS/TP53-	MSS/TP53+	0.160027	0.114122
GSE84437	GSM2235814	EMT	low	0.0155962	0.0400016	-0.100128	EMT	MSS/TP53+	0.0397374	0.0241412
GSE84437	GSM2235815	MSS/TP53-	low	0.0559464	-0.340826	0.226566	MSS/TP53-	MSI	0.186713	0.130767
GSE84437	GSM2235816	MSI	low	0.0112732	-0.186513	-0.153904	MSI	MSS/TP53+	0.10341	0.0921364
GSE84437	GSM2235817	MSS/TP53-	low	0.0656404	-0.191099	0.0656405	MSS/TP53-	MSS/TP53+	0.123612	0.0579715
GSE84437	GSM2235818	MSI	high	0.428286	-0.581763	-0.135492	MSI	MSS/TP53+	0.394851	-0.0334346
GSE84437	GSM2235819	MSS/TP53-	medium	0.0872808	-0.214921	0.209826	MSS/TP53-	MSI	0.160215	0.0729345
GSE84437	GSM2235820	EMT	high	0.367934	0.525946	-0.095459	EMT	MSS/TP53+	0.306608	-0.061326
GSE84437	GSM2235821	MSI	medium	0.172353	-0.340064	-0.0817009	MSI	MSS/TP53+	0.201447	0.0290942
GSE84437	GSM2235822	MSS/TP53-	high	0.211829	-0.202444	0.249226	MSS/TP53-	MSI	0.238827	0.0269977
GSE84437	GSM2235823	EMT	high	0.577245	0.746341	-0.10573	EMT	MSS/TP53+	0.449467	-0.127778
GSE84437	GSM2235824	EMT	high	0.806148	0.917735	-0.037503	EMT	MSS/TP53+	0.568564	-0.237584
GSE84437	GSM2235825	EMT	high	0.323727	0.400422	0.113846	EMT	MSS/TP53-	0.251327	-0.0724004
GSE84437	GSM2235826	MSS/TP53-	low	0.00689424	-0.214686	0.149621	MSS/TP53-	MSI	0.101217	0.0943226
GSE84437	GSM2235827	EMT	high	0.799726	0.890468	-0.003483	EMT	MSS/TP53+	0.550896	-0.24883
GSE84437	GSM2235828	MSI	low	0.0375535	-0.037554	-0.178387	MSI	EMT	0.163642	0.126088
GSE84437	GSM2235829	MSI	high	0.26173	-0.54763	-0.101532	MSI	MSS/TP53+	0.311486	0.0497562
GSE84437	GSM2235830	MSS/TP53-	low	0.047484	-0.215111	0.0474842	MSS/TP53-	MSS/TP53+	0.113269	0.0657848
GSE84437	GSM2235831	MSS/TP53-	low	0.0671931	-0.171859	0.067193	MSS/TP53-	MSS/TP53+	0.171834	0.104641
GSE84437	GSM2235837	EMT	low	0.0385976	0.0654653	0.0153549	EMT	MSS/TP53-	0.035084	-0.00351358
GSE84437	GSM2235838	EMT	medium	0.136612	0.226517	0.0349747	EMT	MSS/TP53-	0.119741	-0.016871
GSE84437	GSM2235839	MSI	low	0.0568393	-0.10307	-0.0100052	MSI	MSS/TP53+	0.0594576	0.00261837
GSE84437	GSM2235840	MSS/TP53-	medium	0.0986966	-0.0388524	0.11816	MSS/TP53-	MSI	0.0925592	-0.00613745
GSE84437	GSM2235841	MSS/TP53+	low	0.0192094	0.0466806	-0.0192094	MSS/TP53+	MSS/TP53-	0.0332907	0.0140813
GSE84437	GSM2235842	MSS/TP53-	medium	0.151487	-0.0729388	0.196223	MSS/TP53-	MSI	0.148947	-0.00253996
GSE84437	GSM2235843	MSS/TP53+	low	0.0288534	0.0172704	-0.0288534	MSS/TP53+	MSS/TP53-	0.0695758	0.0407224
GSE84437	GSM2235844	MSI	high	0.2409	-0.50598	-0.0353747	MSI	MSS/TP53+	0.27412	0.0332197
GSE84437	GSM2235845	MSI	low	0.0690416	-0.169501	-0.0189905	MSI	MSS/TP53+	0.0889828	0.0199413
GSE84437	GSM2235846	MSS/TP53+	low	0.0297949	-0.0115358	-0.029795	MSS/TP53+	MSS/TP53-	0.180153	0.150358
GSE84437	GSM2235847	MSI	medium	0.133017	-0.133017	-0.221603	MSI	EMT	0.153959	0.0209419
GSE84437	GSM2235848	EMT	high	0.819327	0.819328	-0.010978	EMT	MSI	0.540919	-0.278409
GSE84437	GSM2235849	EMT	medium	0.159692	0.174789	-0.0055164	EMT	MSS/TP53+	0.110278	-0.0494138
GSE84437	GSM2235850	EMT	low	0.0142239	0.327897	-0.218491	EMT	MSS/TP53+	0.144833	0.130609
GSE84437	GSM2235851	MSS/TP53+	low	0.0124522	-0.321613	-0.012452	MSS/TP53+	MSS/TP53-	0.1915	0.179048
GSE84437	GSM2235852	EMT	high	0.241442	0.420286	-0.179839	EMT	MSS/TP53+	0.248445	0.00700351
GSE84437	GSM2235853	MSI	low	0.000471949	-0.236499	-0.128866	MSI	MSS/TP53+	0.110709	0.110237
GSE84437	GSM2235854	MSS/TP53+	low	0.0457334	-0.0454945	-0.0457334	MSS/TP53+	MSS/TP53-	0.0718178	0.0260844
GSE84437	GSM2235855	EMT	low	0.0388773	0.170908	-0.352236	EMT	MSS/TP53+	0.141902	0.103024
GSE84437	GSM2235862	MSI	medium	0.125749	-0.275043	-0.14521	MSI	MSS/TP53+	0.175732	0.049983
GSE84437	GSM2235863	EMT	high	0.312011	0.426527	0.0398882	EMT	MSS/TP53-	0.242443	-0.0695678
GSE84437	GSM2235864	MSS/TP53+	low	0.0258162	-0.0302063	-0.025816	MSS/TP53+	MSS/TP53-	0.143646	0.11783
GSE84437	GSM2235865	MSS/TP53-	medium	0.105552	-0.300627	0.105551	MSS/TP53-	MSS/TP53+	0.236401	0.13085
GSE84437	GSM2235866	MSI	low	0.00639805	-0.0063981	-0.0996682	MSI	EMT	0.0585803	0.0521822
GSE84437	GSM2235867	MSI	high	0.211563	-0.267524	-0.238909	MSI	MSS/TP53+	0.227442	0.0158785
GSE84437	GSM2235878	MSS/TP53-	medium	0.0996834	-0.108268	0.099684	MSS/TP53-	MSS/TP53+	0.211808	0.112124
GSE84437	GSM2235879	EMT	low	0.0506327	0.0506331	-9.5e-05	EMT	MSI	0.11675	0.0661169
GSE84437	GSM2235880	MSS/TP53+	medium	0.18302	0.0097854	-0.203396	MSS/TP53+	EMT	0.161833	-0.0211869
GSE84437	GSM2235881	MSS/TP53+	medium	0.109933	-0.212537	-0.109933	MSS/TP53+	MSS/TP53-	0.236713	0.12678
GSE84437	GSM2235882	MSS/TP53+	medium	0.102039	0.161372	-0.148097	MSS/TP53+	EMT	0.140725	0.0386863
GSE84437	GSM2235883	EMT	medium	0.095279	0.211527	-0.082595	EMT	MSS/TP53+	0.113168	0.0178894
GSE84437	GSM2235884	EMT	high	0.396424	0.603945	-0.208918	EMT	MSS/TP53+	0.364711	-0.0317134
GSE84437	GSM2235885	MSI	medium	0.0936107	-0.093611	-0.182486	MSI	EMT	0.19294	0.099329
GSE84437	GSM2235886	MSI	medium	0.084921	-0.151697	0.108897	MSI	MSS/TP53-	0.101598	0.0166774
GSE84437	GSM2235887	MSS/TP53-	high	0.225832	-0.0149942	0.225832	MSS/TP53-	MSS/TP53+	0.18378	-0.0420518
GSE84437	GSM2235888	MSS/TP53+	medium	0.124036	0.0166418	-0.124036	MSS/TP53+	MSS/TP53-	0.24306	0.119024
GSE84437	GSM2235889	MSS/TP53-	medium	0.0774281	-0.042674	0.077428	MSS/TP53-	MSS/TP53+	0.184345	0.106917
GSE84437	GSM2235899	MSS/TP53+	low	0.0510493	0.0729806	-0.0510492	MSS/TP53+	MSS/TP53-	0.0646079	0.0135587
GSE84437	GSM2235900	MSS/TP53+	medium	0.106305	-0.1254	-0.274726	MSS/TP53+	MSI	0.171172	0.0648673
GSE84437	GSM2235901	MSS/TP53-	high	0.202039	0.0310107	0.202039	MSS/TP53-	MSS/TP53+	0.18659	-0.0154488
GSE84437	GSM2235902	EMT	high	0.832171	0.832171	-0.00698	EMT	MSI	0.556797	-0.275374
GSE84437	GSM2235903	MSS/TP53-	medium	0.152064	-0.154756	0.178524	MSS/TP53-	MSI	0.17462	0.0225561
GSE84437	GSM2235904	MSS/TP53-	medium	0.110882	0.0985573	0.147806	MSS/TP53-	EMT	0.118275	0.00739371
GSE84437	GSM2235905	EMT	high	0.443686	0.468593	-0.208757	EMT	MSS/TP53+	0.345838	-0.0978474
GSE84437	GSM2235906	MSS/TP53-	low	0.0072976	-0.511719	0.112557	MSS/TP53-	MSI	0.197614	0.190316
GSE84437	GSM2235907	MSI	high	0.42759	-0.533518	-0.0660669	MSI	MSS/TP53+	0.362203	-0.0653871
GSE84437	GSM2235908	EMT	low	0.0115667	0.208543	0.0663445	EMT	MSS/TP53-	0.0717345	0.0601678
GSE84437	GSM2235909	MSS/TP53-	medium	0.15552	-0.201863	0.155521	MSS/TP53-	MSS/TP53+	0.212771	0.0572504
GSE84437	GSM2235910	MSI	low	0.0548409	-0.0548404	-0.163384	MSI	EMT	0.124015	0.0691746
GSE84437	GSM2235921	MSS/TP53-	high	0.341458	-0.278574	0.360442	MSS/TP53-	MSI	0.362159	0.0207003
GSE84437	GSM2235922	MSS/TP53-	medium	0.14092	-0.130877	0.168736	MSS/TP53-	MSI	0.158034	0.0171141
GSE84437	GSM2235923	MSS/TP53+	low	0.0682963	-0.185668	-0.0682966	MSS/TP53+	MSS/TP53-	0.128925	0.0606284
GSE84437	GSM2235924	MSI	high	0.223578	-0.297191	0.009365	MSI	MSS/TP53-	0.189225	-0.0343525
GSE84437	GSM2235925	MSS/TP53-	low	0.00165946	-0.139473	0.001659	MSS/TP53-	MSS/TP53+	0.118279	0.11662
GSE84437	GSM2235926	EMT	medium	0.0867312	0.092299	-0.344399	EMT	MSS/TP53+	0.137006	0.0502744
GSE84437	GSM2235927	MSS/TP53-	medium	0.136409	-0.372137	0.1862	MSS/TP53-	MSI	0.240758	0.104348
GSE84437	GSM2235928	MSI	low	0.00663918	-0.256237	0.192208	MSI	MSS/TP53-	0.120406	0.113767
GSE84437	GSM2235929	EMT	high	0.944181	0.979199	-0.025566	EMT	MSS/TP53+	0.635598	-0.308583
GSE84437	GSM2235930	EMT	low	0.0369703	0.225671	0.052861	EMT	MSS/TP53-	0.0840612	0.047091
GSE84437	GSM2235931	MSS/TP53+	medium	0.131125	-0.170839	-0.131125	MSS/TP53+	MSS/TP53-	0.170181	0.0390557
GSE84437	GSM2235932	MSI	medium	0.13828	-0.435965	-0.0607615	MSI	MSS/TP53+	0.216506	0.0782253
GSE84437	GSM2235933	EMT	high	0.645878	0.743527	-0.081152	EMT	MSS/TP53+	0.469431	-0.176447
GSE84437	GSM2235934	EMT	medium	0.0799062	0.0799064	-0.333146	EMT	MSI	0.167603	0.0876966
GSE84437	GSM2235935	MSS/TP53+	high	0.209653	-0.0311548	-0.209653	MSS/TP53+	MSS/TP53-	0.201447	-0.00820578
GSE84437	GSM2235936	MSS/TP53-	medium	0.0809642	-0.204952	0.0809645	MSS/TP53-	MSS/TP53+	0.152658	0.0716935
GSE84437	GSM2235937	MSI	low	0.0379439	-0.493541	0.0573314	MSI	MSS/TP53-	0.192838	0.154894
GSE84437	GSM2235938	MSI	high	0.209342	-0.621901	-0.0105317	MSI	MSS/TP53+	0.296123	0.0867806
GSE84437	GSM2235939	EMT	medium	0.168374	0.458712	-0.100934	EMT	MSS/TP53+	0.212916	0.0445411
GSE84437	GSM2235940	EMT	low	0.0380527	0.0959573	-0.247703	EMT	MSS/TP53+	0.097282	0.0592293
GSE84437	GSM2235941	MSI	high	0.415622	-0.531255	-0.161069	MSI	MSS/TP53+	0.378492	-0.0371305
GSE84437	GSM2235942	MSS/TP53+	low	0.0480895	-0.518686	-0.078859	MSS/TP53+	MSI	0.225591	0.177501
GSE84437	GSM2235943	MSI	medium	0.094757	-0.13413	0.1243	MSI	MSS/TP53-	0.101744	0.00698661
GSE84437	GSM2235944	EMT	high	0.667905	0.862297	-0.134183	EMT	MSS/TP53+	0.522415	-0.14549
GSE84437	GSM2235945	MSS/TP53-	medium	0.112988	0.146544	0.112987	MSS/TP53-	MSS/TP53+	0.1688	0.0558127
GSE84437	GSM2235946	MSS/TP53-	low	0.0514224	-0.162172	0.0514224	MSS/TP53-	MSS/TP53+	0.150816	0.0993936
GSE84437	GSM2235947	MSI	high	0.406667	-0.696687	-0.153813	MSI	MSS/TP53+	0.430166	0.0234989
GSE84437	GSM2235948	EMT	high	0.948917	1.00822	-0.040912	EMT	MSS/TP53+	0.648841	-0.300075
GSE84437	GSM2235949	MSS/TP53+	high	0.259268	-0.0597741	-0.418826	MSS/TP53+	MSI	0.275773	0.0165045
GSE84437	GSM2235950	EMT	high	0.867066	0.945612	0.069639	EMT	MSS/TP53-	0.601851	-0.265215
GSE84437	GSM2235951	EMT	high	0.935666	0.98344	0.049127	EMT	MSS/TP53-	0.635312	-0.300354
GSE84437	GSM2235952	MSI	low	0.0334324	-0.329152	-0.0544692	MSI	MSS/TP53+	0.138188	0.104756
GSE84437	GSM2235953	MSS/TP53-	low	0.0474358	0.0956776	0.064404	MSS/TP53-	EMT	0.0653987	0.0179629
GSE84437	GSM2235954	MSS/TP53+	low	0.0202343	-0.164359	-0.220799	MSS/TP53+	MSI	0.119203	0.0989684
GSE84437	GSM2235955	MSI	medium	0.123744	-0.123744	-0.0453523	MSI	EMT	0.111971	-0.0117733
GSE84437	GSM2235956	MSI	high	0.261003	-0.484987	0.0144542	MSI	MSS/TP53-	0.268817	0.00781417
GSE84437	GSM2235957	MSS/TP53-	medium	0.0985009	-0.338558	0.179026	MSS/TP53-	MSI	0.204756	0.106255
GSE84437	GSM2235958	EMT	high	0.533679	0.780871	0.027781	EMT	MSS/TP53-	0.422405	-0.111274
GSE84437	GSM2235959	MSI	medium	0.111921	-0.307774	0.126916	MSI	MSS/TP53-	0.16832	0.0563988
GSE84437	GSM2235960	MSI	high	0.302562	-0.788074	-0.0681679	MSI	MSS/TP53+	0.402052	0.0994893
GSE84437	GSM2235961	EMT	high	0.449825	0.570844	0.064728	EMT	MSS/TP53-	0.338614	-0.111211
GSE84437	GSM2235962	MSI	low	0.0165524	-0.065364	-0.0506843	MSI	MSS/TP53+	0.0403345	0.0237821
GSE84437	GSM2235963	MSS/TP53-	medium	0.148096	-0.365536	0.180051	MSS/TP53-	MSI	0.244738	0.0966415
GSE84437	GSM2235964	MSS/TP53+	medium	0.0897577	-0.0486408	-0.265944	MSS/TP53+	MSI	0.132634	0.0428763
GSE84437	GSM2235965	MSS/TP53-	low	0.0143831	0.0633529	0.0817436	MSS/TP53-	EMT	0.0389002	0.0245171
GSE84437	GSM2235966	MSS/TP53+	low	0.0181472	0.282846	-0.143044	MSS/TP53+	EMT	0.121053	0.102906
GSE84437	GSM2235967	MSS/TP53-	medium	0.173234	-0.0245157	0.173234	MSS/TP53-	MSS/TP53+	0.151966	-0.0212678
GSE84437	GSM2235968	EMT	high	0.463424	0.531519	-0.021195	EMT	MSS/TP53+	0.327842	-0.135583
GSE84437	GSM2235969	MSI	medium	0.121567	-0.41047	-0.0328869	MSI	MSS/TP53+	0.19499	0.0734226
GSE84437	GSM2235970	EMT	high	0.280527	0.370646	-0.158235	EMT	MSS/TP53+	0.244959	-0.0355681
GSE84437	GSM2235971	EMT	medium	0.136255	0.272616	-0.0254204	EMT	MSS/TP53+	0.132544	-0.00371117
GSE84437	GSM2235972	MSI	low	0.0320796	-0.328429	-0.0265053	MSI	MSS/TP53+	0.131046	0.0989665
GSE84437	GSM2235973	MSS/TP53-	low	0.00785071	-0.0783311	0.007851	MSS/TP53-	MSS/TP53+	0.139406	0.131555
GSE84437	GSM2235974	MSS/TP53-	high	0.222718	-0.221951	0.22565	MSS/TP53-	MSI	0.248559	0.0258408
GSE84437	GSM2235975	MSI	low	0.0303661	-0.244631	-0.09709	MSI	MSS/TP53+	0.117726	0.0873603
GSE84437	GSM2235976	MSI	medium	0.126287	-0.257466	-0.0385377	MSI	MSS/TP53+	0.145589	0.0193015
GSE84437	GSM2235977	MSS/TP53-	low	0.0446675	0.160462	0.048813	MSS/TP53-	EMT	0.0789602	0.0342927
GSE84437	GSM2235978	MSS/TP53+	medium	0.113286	0.0045805	-0.327139	MSS/TP53+	EMT	0.145646	0.0323597
GSE84437	GSM2235979	MSS/TP53-	medium	0.0767512	-0.0664231	0.076751	MSS/TP53-	MSS/TP53+	0.249436	0.172685
GSE84437	GSM2235980	MSS/TP53+	low	0.0301363	-0.104627	-0.19837	MSS/TP53+	MSI	0.099696	0.0695597
GSE84437	GSM2235981	MSS/TP53+	low	0.0631962	-0.225104	-0.128654	MSS/TP53+	MSI	0.145516	0.0823197
GSE84437	GSM2235982	MSS/TP53+	low	0.0323048	-0.211861	-0.240216	MSS/TP53+	MSI	0.147367	0.115063
GSE84437	GSM2235983	EMT	low	0.0416851	0.130048	-0.371383	EMT	MSS/TP53+	0.136183	0.0944981
GSE84437	GSM2235984	MSS/TP53-	medium	0.119546	-0.271431	0.119546	MSS/TP53-	MSS/TP53+	0.213354	0.0938076
GSE84437	GSM2235985	MSS/TP53+	medium	0.0716856	0.0385499	-0.0716854	MSS/TP53+	MSS/TP53-	0.150651	0.0789656
GSE84437	GSM2235986	MSS/TP53+	low	0.0182915	-0.315032	-0.018292	MSS/TP53+	MSS/TP53-	0.20396	0.185668
GSE84437	GSM2235987	MSI	high	0.208419	-0.311344	-0.152964	MSI	MSS/TP53+	0.221678	0.0132587
GSE84437	GSM2235988	MSS/TP53+	medium	0.191616	-0.196104	-0.191616	MSS/TP53+	MSS/TP53-	0.275475	0.0838594
GSE84437	GSM2235991	MSS/TP53-	low	0.0211757	0.140531	0.0211757	MSS/TP53-	MSS/TP53+	0.0553857	0.03421
GSE84437	GSM2235992	MSS/TP53-	low	0.0218635	0.0952168	0.0218635	MSS/TP53-	MSS/TP53+	0.0944583	0.0725948
GSE84437	GSM2235993	EMT	low	0.00446	0.215741	-0.416147	EMT	MSS/TP53+	0.155511	0.151051
GSE84437	GSM2235994	EMT	high	0.641611	0.729357	0.093764	EMT	MSS/TP53-	0.460026	-0.181584
GSE84437	GSM2235995	MSI	high	0.399058	-0.66668	-0.0250954	MSI	MSS/TP53+	0.387606	-0.0114525
GSE84437	GSM2235996	MSS/TP53+	low	0.0186098	0.127752	-0.0752513	MSS/TP53+	EMT	0.0635195	0.0449097
GSE84437	GSM2235997	MSS/TP53-	low	0.0304248	-0.183363	0.0492998	MSS/TP53-	MSI	0.0893456	0.0589208
GSE84437	GSM2235998	MSI	high	0.208421	-0.356264	0.0453738	MSI	MSS/TP53-	0.209287	0.000866155
GSE84437	GSM2235999	MSI	low	0.0330567	-0.440773	0.029296	MSI	MSS/TP53-	0.16849	0.135433
GSE84437	GSM2236000	MSS/TP53-	high	0.198007	0.0456195	0.198007	MSS/TP53-	MSS/TP53+	0.252463	0.0544561
GSE84437	GSM2236001	EMT	high	0.278248	0.356624	-0.0281862	EMT	MSS/TP53+	0.210607	-0.0676414
GSE84437	GSM2236002	MSS/TP53-	low	0.0564846	-0.469168	0.260695	MSS/TP53-	MSI	0.236398	0.179914
GSE84437	GSM2236003	EMT	high	0.533998	0.685115	0.068914	EMT	MSS/TP53-	0.402778	-0.13122
GSE84437	GSM2236004	MSS/TP53-	medium	0.11995	-0.13096	0.11995	MSS/TP53-	MSS/TP53+	0.229889	0.109939
GSE84437	GSM2236005	MSS/TP53-	medium	0.109843	-0.172959	0.109843	MSS/TP53-	MSS/TP53+	0.171159	0.0613161
GSE84437	GSM2236006	MSS/TP53-	low	0.0521114	-0.09102	0.0521118	MSS/TP53-	MSS/TP53+	0.137488	0.0853762
GSE84437	GSM2236007	MSI	high	0.226754	-0.226754	-0.197566	MSI	EMT	0.22531	-0.00144448
GSE84437	GSM2236008	EMT	high	0.514395	0.622241	-0.048877	EMT	MSS/TP53+	0.378491	-0.135903
GSE84437	GSM2236009	EMT	low	0.0106303	0.0165778	0.0290776	EMT	MSS/TP53-	0.0131361	0.00250576
GSE84437	GSM2236010	MSS/TP53-	low	0.0291265	-0.163335	0.0291269	MSS/TP53-	MSS/TP53+	0.115261	0.0861341
GSE84437	GSM2236011	MSS/TP53-	low	0.0259391	0.10407	0.110747	MSS/TP53-	EMT	0.0616609	0.0357219
GSE84437	GSM2236012	MSI	medium	0.0724893	-0.243713	0.0515272	MSI	MSS/TP53-	0.119466	0.046977
GSE84437	GSM2236013	MSS/TP53-	medium	0.0715579	-0.136122	0.0715581	MSS/TP53-	MSS/TP53+	0.10643	0.0348719
GSE84437	GSM2236014	MSI	high	0.319945	-0.549454	-0.0159678	MSI	MSS/TP53+	0.314944	-0.00500094
GSE84437	GSM2236015	EMT	high	0.652721	0.652721	0.001512	EMT	MSI	0.442183	-0.210538
GSE84437	GSM2236016	MSI	medium	0.167662	-0.28956	0.0250019	MSI	MSS/TP53-	0.167586	-7.5531e-05
GSE84437	GSM2236017	MSS/TP53+	medium	0.136361	0.0975395	-0.168103	MSS/TP53+	EMT	0.149002	0.0126413
GSE84437	GSM2236018	MSS/TP53+	medium	0.163128	-0.0094646	-0.163129	MSS/TP53+	MSS/TP53-	0.197322	0.0341933
GSE84437	GSM2236019	MSS/TP53-	high	0.195648	-0.230062	0.325308	MSS/TP53-	MSI	0.250181	0.054533
GSE84437	GSM2236020	MSI	high	0.369966	-0.643836	-0.0395526	MSI	MSS/TP53+	0.3719	0.00193445
GSE84437	GSM2236021	EMT	high	0.761674	0.761674	0.004452	EMT	MSI	0.528554	-0.23312
GSE84437	GSM2236022	MSS/TP53-	low	0.00714222	-0.0665921	0.0600876	MSS/TP53-	MSI	0.0366099	0.0294676
GSE84437	GSM2236023	MSI	high	0.334666	-0.607796	-0.183852	MSI	MSS/TP53+	0.378885	0.0442188
GSE84437	GSM2236024	MSS/TP53+	low	0.0535366	0.101286	-0.117771	MSS/TP53+	EMT	0.0875082	0.0339716
GSE84437	GSM2236025	EMT	high	0.513703	0.679098	-0.19827	EMT	MSS/TP53+	0.427814	-0.085889
GSE84437	GSM2236026	EMT	high	0.399641	0.467823	0.026978	EMT	MSS/TP53-	0.285338	-0.114303
GSE84437	GSM2236027	EMT	medium	0.15525	0.188401	0.000271	EMT	MSS/TP53-	0.111076	-0.0441735
GSE84437	GSM2236028	MSI	high	0.367053	-0.424602	-0.0438396	MSI	MSS/TP53+	0.296534	-0.0705194
GSE84437	GSM2236029	MSS/TP53+	low	0.027792	-0.310239	-0.10328	MSS/TP53+	MSI	0.147125	0.119333
GSE84437	GSM2236030	MSI	high	0.294402	-0.544717	-0.010944	MSI	MSS/TP53+	0.302372	0.00796978
GSE84437	GSM2236031	EMT	high	0.635068	0.685212	-0.093158	EMT	MSS/TP53+	0.452091	-0.182976
GSE84437	GSM2236032	MSI	high	0.424219	-0.758823	-0.0486899	MSI	MSS/TP53+	0.434257	0.0100377
GSE84437	GSM2236033	MSS/TP53-	high	0.253993	-0.145582	0.274348	MSS/TP53-	MSI	0.249213	-0.0047798
GSE84437	GSM2236034	MSS/TP53+	low	0.042282	0.0014131	-0.325399	MSS/TP53+	EMT	0.100626	0.0583435
GSE84437	GSM2236036	MSS/TP53-	medium	0.092879	-0.241226	0.0928794	MSS/TP53-	MSS/TP53+	0.180155	0.0872756
GSE84437	GSM2236037	EMT	medium	0.0960542	0.281533	-0.161597	EMT	MSS/TP53+	0.150598	0.0545443
GSE84437	GSM2236038	MSS/TP53+	medium	0.179635	0.0365536	-0.180861	MSS/TP53+	EMT	0.161921	-0.0177138
GSE84437	GSM2236039	MSS/TP53-	medium	0.154183	-0.0986231	0.154183	MSS/TP53-	MSS/TP53+	0.173542	0.0193592
GSE84437	GSM2236040	MSI	medium	0.164313	-0.649899	-0.0813775	MSI	MSS/TP53+	0.304602	0.140289
GSE84437	GSM2236041	EMT	medium	0.129684	0.321766	-0.285583	EMT	MSS/TP53+	0.202758	0.0730735
GSE84437	GSM2236042	MSS/TP53-	high	0.213015	-0.127233	0.213015	MSS/TP53-	MSS/TP53+	0.28877	0.0757549
GSE84437	GSM2236043	MSS/TP53+	low	0.0272428	0.0687834	-0.0272428	MSS/TP53+	MSS/TP53-	0.0959369	0.0686941
GSE84437	GSM2236044	MSS/TP53-	high	0.241527	-0.0980881	0.241527	MSS/TP53-	MSS/TP53+	0.264915	0.0233885
GSE84437	GSM2236045	MSI	low	0.0166002	-0.227112	-0.0047881	MSI	MSS/TP53+	0.0853905	0.0687903
GSE84437	GSM2236046	MSI	medium	0.0711463	-0.490645	0.0497055	MSI	MSS/TP53-	0.203397	0.13225
GSE84437	GSM2236047	EMT	medium	0.166447	0.227836	-0.113427	EMT	MSS/TP53+	0.151961	-0.0144863
GSE84437	GSM2236048	MSI	high	0.313064	-0.650353	0.121603	MSI	MSS/TP53-	0.362224	0.0491607
GSE84437	GSM2236049	EMT	high	0.245092	0.245092	-0.135676	EMT	MSI	0.202936	-0.042156
GSE84437	GSM2236050	MSS/TP53-	medium	0.143773	-0.041286	0.143773	MSS/TP53-	MSS/TP53+	0.176023	0.0322499
GSE84437	GSM2236051	EMT	high	0.33493	0.370165	-0.0313353	EMT	MSS/TP53+	0.236774	-0.0981567
GSE84437	GSM2236052	MSI	low	0.00672479	-0.39164	0.193663	MSI	MSS/TP53-	0.167126	0.160402
GSE84437	GSM2236053	EMT	high	0.38563	0.414839	0.039145	EMT	MSS/TP53-	0.267384	-0.118246
GSE84437	GSM2236054	EMT	high	0.508712	0.508712	-0.0066	EMT	MSI	0.345857	-0.162855
GSE84437	GSM2236055	EMT	medium	0.188396	0.188397	0.0524537	EMT	MSI	0.151343	-0.0370536
GSE84437	GSM2236056	MSS/TP53-	low	0.0420184	-0.144206	0.042019	MSS/TP53-	MSS/TP53+	0.221047	0.179028
GSE84437	GSM2236057	EMT	high	0.260297	0.325755	-0.103313	EMT	MSS/TP53+	0.212414	-0.0478836
GSE84437	GSM2236058	MSS/TP53-	medium	0.0817441	0.101174	0.211491	MSS/TP53-	EMT	0.110952	0.0292081
GSE84437	GSM2236059	EMT	medium	0.144249	0.234507	0.0147184	EMT	MSS/TP53-	0.121699	-0.0225501
GSE84437	GSM2236060	EMT	high	0.516483	0.516483	-0.098573	EMT	MSI	0.38968	-0.126803
GSE84437	GSM2236061	EMT	high	0.289241	0.289241	-0.203702	EMT	MSI	0.251413	-0.0378284
GSE84437	GSM2236062	MSI	high	0.30536	-0.484536	0.0084063	MSI	MSS/TP53-	0.284741	-0.0206186
GSE84437	GSM2236063	MSS/TP53-	medium	0.167267	-0.0241034	0.236105	MSS/TP53-	MSI	0.148127	-0.0191405
GSE84437	GSM2236064	MSI	medium	0.166064	-0.566487	0.0475226	MSI	MSS/TP53-	0.265502	0.0994384
GSE84437	GSM2236065	EMT	medium	0.136331	0.188083	0.0371921	EMT	MSS/TP53-	0.10948	-0.0268503
GSE84437	GSM2236066	EMT	low	0.0584385	0.136078	-0.017877	EMT	MSS/TP53+	0.063669	0.00523053
GSE84437	GSM2236067	EMT	low	0.00953917	0.0164599	-0.0429796	EMT	MSS/TP53+	0.0179546	0.00841542
GSE84437	GSM2236068	EMT	high	0.892769	0.892769	0.048634	EMT	MSI	0.596574	-0.296195
GSE84437	GSM2236069	MSS/TP53-	low	0.0375137	-0.164886	0.037514	MSS/TP53-	MSS/TP53+	0.209807	0.172293
GSE84437	GSM2236070	MSI	low	0.0526896	-0.166065	-0.184234	MSI	MSS/TP53+	0.1192	0.0665107
GSE84437	GSM2236071	MSI	medium	0.142759	-0.369131	-0.166797	MSI	MSS/TP53+	0.219465	0.0767057
GSE84437	GSM2236072	MSI	low	0.0700322	-0.0700322	-0.0627834	MSI	EMT	0.0852742	0.015242
GSE84437	GSM2236073	MSS/TP53-	medium	0.123832	-0.0035684	0.123832	MSS/TP53-	MSS/TP53+	0.182172	0.0583399
GSE84437	GSM2236074	MSS/TP53-	low	0.067877	-0.0833305	0.0678768	MSS/TP53-	MSS/TP53+	0.109235	0.0413582
GSE84437	GSM2236075	EMT	high	0.46102	0.461019	-0.043244	EMT	MSI	0.325862	-0.135157
GSE84437	GSM2236076	EMT	low	0.00227754	0.0022775	-0.201807	EMT	MSI	0.0514047	0.0491272
GSE84437	GSM2236077	MSI	high	0.312279	-0.569816	-0.0660877	MSI	MSS/TP53+	0.330415	0.0181362
GSE84437	GSM2236078	MSS/TP53-	medium	0.0951477	-0.376529	0.174742	MSS/TP53-	MSI	0.215052	0.119904
GSE84437	GSM2236079	MSI	medium	0.0964967	-0.346887	-0.198538	MSI	MSS/TP53+	0.201316	0.10482
GSE84437	GSM2236080	MSS/TP53-	low	0.0199168	0.00674299	0.0613617	MSS/TP53-	EMT	0.0236731	0.00375633
GSE84437	GSM2236082	MSS/TP53+	medium	0.183439	0.0271863	-0.183439	MSS/TP53+	MSS/TP53-	0.212189	0.02875
GSE84437	GSM2236083	MSS/TP53+	low	0.0699192	0.131935	-0.0787566	MSS/TP53+	EMT	0.097082	0.0271627
GSE84437	GSM2236084	MSI	medium	0.147042	-0.389254	0.0830318	MSI	MSS/TP53-	0.20292	0.0558782
GSE84437	GSM2236085	MSI	medium	0.151608	-0.405236	-0.114839	MSI	MSS/TP53+	0.223404	0.0717962
GSE84437	GSM2236086	MSI	medium	0.104151	-0.104151	-0.11886	MSI	EMT	0.137446	0.0332947
GSE84437	GSM2236087	MSI	high	0.254316	-0.356339	-0.018657	MSI	MSS/TP53+	0.22411	-0.0302056
GSE84437	GSM2236088	MSI	low	0.0464676	-0.192055	0.0500153	MSI	MSS/TP53-	0.0915204	0.0450528
GSE84437	GSM2236089	MSI	medium	0.0813817	-0.20879	-0.074836	MSI	MSS/TP53+	0.119931	0.0385488
GSE84437	GSM2236090	EMT	medium	0.0853295	0.0853295	-0.039588	EMT	MSI	0.0759016	-0.00942791
GSE84437	GSM2236091	MSS/TP53-	low	0.0417176	-0.0975204	0.0852981	MSS/TP53-	MSI	0.0724568	0.0307393
GSE84437	GSM2236092	MSS/TP53-	low	0.0616052	-0.13995	0.107367	MSS/TP53-	MSI	0.102709	0.0411041
GSE84437	GSM2236093	MSI	low	0.00993135	-0.265424	0.0145353	MSI	MSS/TP53-	0.0971496	0.0872183
GSE84437	GSM2236094	MSI	low	0.0370549	-0.221215	0.0599663	MSI	MSS/TP53-	0.0994636	0.0624087
GSE84437	GSM2236095	MSS/TP53-	low	0.046449	-0.0649992	0.0464489	MSS/TP53-	MSS/TP53+	0.0657978	0.0193489
